,cashier_id,country,cashier_surname,cashier_last_name,cashier_email,cashier_phone_number
0,1,United Kingdom,Lyndon,Caresse,lyndoncaresse224@hotmail.com,+441700435343
1,2,United Kingdom,Efe,Ilke,efeilke374@outlook.com,+44172675226
2,3,United Kingdom,Arinze,Gerhard,arinzegerhard907@outlook.com,+441133135358
3,4,United Kingdom,Puto,Leftwich,putoleftwich727@hotmail.com,+447700141375
4,5,United Arab Emirates,Lebbie,Henni,lebbiehenni919@hotmail.com,+971503789305
5,6,USA,Tex,Romeo,texromeo254@outlook.com,+16415636100
6,7,Switzerland,Arthor,LePage,arthorlepage361@yahoo.com,+41687476199
7,8,Sweden,Leor,Galitea,leorgalitea849@hotmail.com,+46766726747
8,9,Spain,Esteven,Mejdal,estevenmejdal147@hotmail.com,+34973971244
9,10,Singapore,Peer,Deleon,peerdeleon229@gmail.com,+6589642823
10,11,Saudi Arabia,Javad,Jephum,javadjephum493@hotmail.com,+966567441496
11,12,RSA,Kareema,Lemire,kareemalemire275@gmail.com,+27414925877
12,13,Portugal,Borchers,Benwell,borchersbenwell815@gmail.com,+351255601183
13,14,Poland,Hatch,Dotsey,hatchdotsey634@outlook.com,+48213708252
14,15,Norway,Rainy,Ewen,rainyewen865@yahoo.com,+4731850717
15,16,Netherlands,Duglas,Tanitansy,duglastanitansy444@outlook.com,+31255497978
16,17,Malta,Ryler,Coogan,rylercoogan492@outlook.com,+35696964070
17,18,Lithuania,Sundin,Ashely,sundinashely770@outlook.com,+37031188686
18,19,Lebanon,Isidra,Paton,isidrapaton427@outlook.com,+9617623937
19,20,Japan,Javonda,Staffing,javondastaffing188@outlook.com,+816039880410
20,21,Italy,Raycher,Selmner,raycherselmner315@outlook.com,+390161920
21,22,Israel,Vivle,Valenba,vivlevalenba59@outlook.com,+97229693925
22,23,Iceland,Huskey,Mouat,huskeymouat721@gmail.com,+3544161956
23,24,Hong Kong,Lewendal,McDonnell,lewendalmcdonnell653@gmail.com,+85247507946
24,25,Greece,Krishiv,Bykowy,krishivbykowy824@outlook.com,+306917739242
25,26,Germany,Kyshawn,Joudrey,kyshawnjoudrey176@outlook.com,+491782933510
26,27,France,Gladys,Cayer-Fleck,gladyscayer-fleck100@gmail.com,+33782504495
27,28,Brazil,Janyll,Carty,janyllcarty5@gmail.com,+5573951081094
28,29,Belgium,Franciszek,Keeley,franciszekkeeley601@outlook.com,+3260134840
29,30,Bahrain,Norty,Hornstein,nortyhornstein136@outlook.com,+97370014944
30,31,Austria,Jamyria,Di Cosola,jamyriadi cosola668@yahoo.com,+4321788363931
31,32,Australia,Melamie,Illyes,melamieillyes855@hotmail.com,+61479014159